,resque_MR1,animal_MR1,positive_MR1,negative_MR1,Scaled_resque_MR1,Scaled_animal_MR1,Scaled_positive_MR1,Scaled_negative_MR1,FA_avg_value,hc_FA,FA_Rank,resque_PCA,animal_PCA,positive_PCA,negative_PCA,Scaled_resque_PCA,Scaled_animal_PCA,Scaled_positive_PCA,Scaled_negative_PCA,PCA_avg_value,gm_PCA,PCA_Rank,avg_Rank,Final_Rank
송파구,2.152935955,10.67307494,-0.33129545,0.724361937,1.710986765,2.488471748,-0.338127003,0.739298806,1.150157579,1,1,1.791481369,-5.170933916,-0.33129545,0.724361937,1.501012489,-2.488805314,-0.338127003,0.739298806,-0.146655255,2,6,3.5,1
강서구,2.070885278,5.072972339,-0.174303498,0.888372682,1.645779242,1.182784569,-0.177897762,0.906691571,0.889339405,1,3,1.832323224,-2.541923115,-0.174303498,0.888372682,1.53523229,-1.223444712,-0.177897762,0.906691571,0.260145347,2,5,4,2
강남구,1.984249568,11.55410742,-0.280379141,-0.135280587,1.576927889,2.693888129,-0.286160763,-0.138070171,0.961646271,1,2,1.563387907,-5.525102683,-0.280379141,-0.135280587,1.309901858,-2.659269126,-0.286160763,-0.138070171,-0.44339955,2,7,4.5,3
관악구,1.733154992,2.358453383,4.223592691,-1.928087692,1.377377365,0.549883201,4.310686239,-1.96784626,1.067525136,3,8,2.125407472,-1.251118295,4.223592691,-1.928087692,1.780796171,-0.60217166,4.310686239,-1.96784626,0.880366122,0,1,4.5,4
마포구,1.064862839,1.894626474,1.535635879,-1.554821859,0.846270518,0.441740031,1.567301806,-1.586883415,0.317107235,3,9,1.536400748,-0.980624094,1.535635879,-1.554821859,1.287290369,-0.47198098,1.567301806,-1.586883415,0.198931945,0,2,5.5,5
은평구,0.855073744,1.180923675,-0.276136116,1.906370407,0.679546392,0.275337259,-0.281830243,1.945681149,0.654683639,1,4,0.579866898,-0.55911441,-0.276136116,1.906370407,0.485847897,-0.26910553,-0.281830243,1.945681149,0.470148318,1,8,6,6
양천구,0.538927191,0.234020009,0.56186147,-1.436055458,0.428297595,0.054562737,0.573447461,-1.465667964,-0.102340043,3,10,0.594308877,-0.082414682,0.56186147,-1.436055458,0.49794827,-0.039666741,0.573447461,-1.465667964,-0.108484744,0,3,6.5,7
용산구,-0.433621999,-3.333606742,0.402748004,-1.899809977,-0.344609184,-0.777244256,0.41105296,-1.938985439,-0.66244648,3,11,-0.17591074,1.634037343,0.402748004,-1.899809977,-0.14738876,0.786473176,0.41105296,-1.938985439,-0.222212015,0,4,7.5,8
강동구,0.816828508,2.943969148,0.440935236,0.045696787,0.64915204,0.686398633,0.450027641,0.046639088,0.45805435,1,5,0.839184925,-1.408620468,0.440935236,0.045696787,0.703120375,-0.677978517,0.450027641,0.046639088,0.130452147,1,14,9.5,9
노원구,0.997218141,2.157442801,-0.295229732,0.763950737,0.79251175,0.503016749,-0.301317583,0.779703956,0.443478718,1,6,0.750147746,-1.042559786,-0.295229732,0.763950737,0.62851959,-0.501791045,-0.301317583,0.779703956,0.151278729,1,13,9.5,10
중랑구,0.16345786,-1.441002674,-0.091564496,1.058038969,0.129903648,-0.335975758,-0.093452622,1.079856501,0.195082942,2,13,0.074709082,0.709662704,-0.091564496,1.058038969,0.062595831,0.341565438,-0.093452622,1.079856501,0.347641287,1,10,11.5,11
강북구,-0.478808511,-3.416314691,-0.055498777,1.2729496,-0.380519924,-0.796527958,-0.056643202,1.299198745,0.016376915,2,14,-0.400777784,1.665777817,-0.055498777,1.2729496,-0.335796102,0.80175008,-0.056643202,1.299198745,0.427127381,1,9,11.5,12
성북구,0.182362872,-0.08779946,-0.312201835,1.114594398,0.144927888,-0.020470809,-0.318639663,1.137578144,0.23584889,2,12,-0.041671642,0.048089592,-0.312201835,1.114594398,-0.034915046,0.023145844,-0.318639663,1.137578144,0.20179232,1,12,12,13
동대문구,-0.298531114,-2.31652285,-0.276136116,0.910994853,-0.23724941,-0.540106923,-0.281830243,0.929780229,-0.032351587,2,15,-0.133071291,1.133449876,-0.276136116,0.910994853,-0.111495253,0.545537058,-0.281830243,0.929780229,0.270497948,1,11,13,14
서초구,0.277135181,3.35511354,-0.634671791,-0.378468932,0.22024558,0.782258655,-0.647759185,-0.386273236,-0.007882046,1,7,0.178145922,-1.596660373,-0.634671791,-0.378468932,0.149261532,-0.768483389,-0.647759185,-0.386273236,-0.41331357,1,23,15,15
도봉구,-0.418042543,-3.347758645,-0.295229732,0.385029362,-0.332227839,-0.780543831,-0.301317583,0.392968947,-0.255280077,2,16,-0.529773252,1.641798403,-0.295229732,0.385029362,-0.443876382,0.790208627,-0.301317583,0.392968947,0.109495902,1,15,15.5,16
구로구,-0.326664354,-2.331472037,-0.462829249,-0.016514185,-0.25960753,-0.543592388,-0.472373124,-0.01685472,-0.323106941,2,17,-0.136571366,1.131897052,-0.462829249,-0.016514185,-0.11442783,0.544789673,-0.472373124,-0.01685472,-0.0147165,1,17,17,17
광진구,-0.754341878,-1.444113361,-0.409791427,0.05135233,-0.599492506,-0.336701027,-0.418241624,0.052411252,-0.325505976,2,18,-1.039108769,0.708353733,-0.409791427,0.05135233,-0.870628781,0.340935421,-0.418241624,0.052411252,-0.223880933,1,20,19,18
서대문구,-1.004520173,-2.537950304,-0.543446738,0.062663416,-0.798314839,-0.591733653,-0.554653004,0.063955581,-0.470186479,2,20,-1.106691094,1.225975041,-0.543446738,0.062663416,-0.92725338,0.590070043,-0.554653004,0.063955581,-0.20697019,1,18,19,19
종로구,-1.67614275,-4.578532652,-0.598606073,0.441584791,-1.332068451,-1.067503902,-0.610949765,0.45069059,-0.639957882,2,23,-1.052123847,2.200226796,-0.598606073,0.441584791,-0.881533608,1.058983973,-0.610949765,0.45069059,0.004297798,1,16,19.5,20
영등포구,-0.62142744,-0.94336472,-0.322809399,-0.333224589,-0.493862404,-0.219949402,-0.329465963,-0.340095922,-0.345843423,2,19,-0.570403166,0.474039428,-0.322809399,-0.333224589,-0.477918605,0.228158369,-0.329465963,-0.340095922,-0.22983053,1,21,20,21
동작구,-0.666087045,-2.538738224,-0.172181985,-0.68386825,-0.529354399,-0.59191736,-0.175732502,-0.69797011,-0.498743593,2,21,-0.685360585,1.219852199,-0.172181985,-0.68386825,-0.574236951,0.587123077,-0.175732502,-0.69797011,-0.215204121,1,19,20,22
성동구,-1.191184621,-1.715609422,-0.522231609,-0.163558301,-0.946661287,-0.400001461,-0.533000404,-0.166930992,-0.511648536,2,22,-1.23171852,0.846876778,-0.522231609,-0.163558301,-1.032008992,0.407607496,-0.533000404,-0.166930992,-0.331083223,1,22,22,23
금천구,-2.461680251,-5.574801952,-0.469193787,-0.293635788,-1.956352822,-1.299788227,-0.478868904,-0.299690772,-1.008675181,2,24,-2.660529315,2.699330253,-0.469193787,-0.293635788,-2.229153928,1.299205828,-0.478868904,-0.299690772,-0.427126944,1,24,24,24
중구,-2.50603945,-5.817116002,-0.64103633,-0.802634651,-1.991606078,-1.356284754,-0.654254965,-0.81918556,-1.205332839,2,25,-2.1016528,2.819704809,-0.64103633,-0.802634651,-1.760893056,1.357142912,-0.654254965,-0.81918556,-0.469297667,1,25,25,25
